candle_size,noisy_day,percentage,day_of_week,session,highest_of_day,highest_of_week,volume,success
1.35,False,0.0007770052491021273,1,Sydney,True,False,1078,False
3.03,False,0.0017505141774316548,1,Tokyo,False,False,1619,False
2.91,False,0.0016810217839627057,2,Sydney,True,False,1881,True
3.02,False,0.0017394910548688468,2,Tokyo,True,False,1616,True
3.89,False,0.0022233907566387365,2,London,True,False,2938,True
1.75,False,0.0009981519928817504,3,New York,False,False,1269,False
1.97,False,0.001106872159074947,4,New York,True,True,520,False
4.36,False,0.0024544988825274585,0,London,False,False,2940,True
2.18,False,0.0012170204213793644,2,Sydney,True,False,1362,False
3.26,False,0.0018273645031642552,2,London,False,False,2148,False
3.27,False,0.0018370580105841507,3,Sydney,False,False,1070,False
4.45,False,0.002496941947502497,3,Tokyo,False,False,2810,True
3.47,False,0.0019446966385330152,4,Sydney,True,False,2103,False
9.37,False,0.005245596945573432,0,Sydney,True,True,3257,False
6.58,False,0.0036555352470264055,0,London,True,True,3565,False
1.17,False,0.0006492857856358005,1,Sydney,False,False,446,False
1.24,False,0.0006864557844971711,1,London,False,False,1224,False
0.86,False,0.0004767316167299537,1,New York,False,False,290,False
3.06,False,0.0017103571628192947,2,London,False,False,2087,True
3.66,False,0.002041271611823759,2,New York,False,False,866,False
2.37,False,0.0013187913861220856,4,Sydney,True,False,908,True
1.86,False,0.001035271591813562,4,London,False,False,1173,False
6.24,False,0.003441239728671483,4,London,True,True,2377,False
2.65,False,0.0014584479911942763,1,Tokyo,False,False,1029,False
2.45,False,0.0013504798337531764,2,Sydney,False,False,1104,True
2.35,False,0.0012951154857234184,3,Tokyo,False,False,532,True
1.51,False,0.0008337566534885263,4,Sydney,True,False,430,True
1.43,False,0.0007842664092664093,0,London,False,False,340,True
0.86,False,0.00047162826917909257,1,Sydney,False,False,249,True
4.11,False,0.0022674611055941746,1,London,False,False,2997,False
1.44,False,0.0008044243338360985,2,New York,False,False,333,False
5.21,False,0.0028949912761299353,3,London,True,False,1390,False
3.15,False,0.0017503014408036938,4,Sydney,True,False,2182,False
2.44,False,0.0013613412558931013,0,Sydney,True,True,727,False
4.81,False,0.0026619588918281732,2,London,True,False,2439,False
2.69,False,0.0014999107859755554,2,New York,False,False,777,False
1.13,False,0.0006438599690035554,4,Sydney,True,False,1115,True
2.06,False,0.0011724396990358675,4,Sydney,False,False,1503,True
1.13,False,0.0006401685966144711,1,Sydney,True,False,465,False
1.06,False,0.0005963230495735728,2,Sydney,True,False,1611,False
2.71,False,0.001522172606509956,2,Tokyo,True,False,2050,False
3.29,False,0.0018743555122573735,4,Tokyo,True,False,1823,False
2.72,False,0.0015549521223381451,4,London,False,False,3391,False
4.25,False,0.002424429118249391,0,London,False,False,3276,False
2.91,False,0.0016590177018899121,0,London,False,False,2167,False
6.86,False,0.0039429819519485,1,London,False,False,4070,False
0.72,False,0.00041628362791181725,3,Sydney,True,False,716,True
1.66,False,0.0009578820420198616,3,Sydney,True,False,1445,False
9.45,False,0.005437659677307984,3,London,True,False,4931,True
12.83,False,0.007311249522745793,3,London,True,False,6644,False
3.85,False,0.0021766046098789585,0,New York,False,False,1425,False
1.32,False,0.0007460366801367734,0,New York,False,False,308,False
4.11,False,0.0023336891594176565,1,London,False,False,3582,False
4.07,False,0.0023094164042329847,2,London,False,False,2673,False
1.4,False,0.0007937497873884497,3,Sydney,True,False,534,False
2.88,False,0.0016366426095357162,4,New York,False,False,1581,False
2.45,False,0.0013961068563092633,0,Tokyo,False,False,1563,False
2.92,False,0.0016586950841276512,1,Tokyo,False,False,1672,False
14.71,False,0.00825097317732581,2,London,True,True,7876,False
1.33,False,0.0007416949681851896,2,New York,False,False,632,False
3.8,False,0.0021375694710078076,1,Tokyo,True,True,1603,True
4.32,False,0.002424337656361361,1,London,False,False,4758,False
4.66,False,0.0026265359035058055,2,Sydney,True,False,1394,False
2.27,False,0.0012758041219151674,2,Tokyo,True,False,2135,True
4.49,False,0.00251242222122745,3,Sydney,True,False,1768,False
2.14,False,0.0011876352738775737,0,London,False,False,1686,True
1.4,False,0.0007743405660429537,0,New York,False,False,1380,False
2.44,False,0.0013604911149893782,1,New York,False,False,1265,False
3.3,False,0.001835025634752049,2,New York,False,False,1210,False
2.01,False,0.0011152663877575931,3,Tokyo,False,False,1812,False
5.06,False,0.0028378499641062453,4,New York,False,False,2660,False
2.85,False,0.0015949409592030891,0,Sydney,False,False,1282,False
2.64,False,0.0014710225278184847,0,London,False,False,2069,False
2.32,False,0.0012936827020124573,1,Sydney,True,False,746,True
1.05,False,0.000587136674234206,1,New York,False,False,744,False
2.62,False,0.001469293449306572,2,Tokyo,False,False,1482,False
9.39,False,0.0052371789508909895,3,London,True,False,6509,False
1.2,False,0.00065691872273103,2,Tokyo,False,False,1296,False
6.2,False,0.0033370291828584346,2,London,False,False,3949,False
6.34,False,0.0034219034202842232,2,New York,False,False,1799,False
3.77,False,0.0020299921923377217,3,Tokyo,True,False,1649,True
3.41,False,0.0018333629037027479,4,Sydney,False,False,1963,False
1.57,False,0.0008415026987045147,0,New York,False,False,999,False
2.19,False,0.0011808921937094573,2,Tokyo,False,False,1478,True
0.81,False,0.00043374423013076586,2,New York,False,False,391,False
1.11,False,0.0005944252550405656,3,New York,True,False,402,False
2.3,False,0.0012317513361824277,3,Sydney,False,False,871,False
1.46,False,0.0007851150785115079,4,New York,True,False,654,True
1.96,False,0.0010532028651416719,4,Sydney,True,False,1717,True
0.97,False,0.0005407846394861988,2,Sydney,False,False,709,False
1.34,False,0.0007474675353652551,4,New York,True,False,989,False
9.84,False,0.005480062374693696,0,New York,True,True,1793,False
3.14,False,0.0017501421293767488,0,London,False,False,1943,False
3.24,False,0.0018184369299845658,2,New York,False,False,1168,False
2.8,False,0.0015780070897604245,4,Sydney,True,False,1662,False
4.67,False,0.0026165543285204423,0,London,False,False,3095,False
2.0,False,0.0011167694094523363,2,Sydney,True,True,1469,False
1.21,False,0.0006771806897169273,2,New York,False,False,942,False
1.74,False,0.0009749974784547972,3,Sydney,False,False,816,True
1.64,False,0.0009191124960069045,0,New York,True,True,544,False
2.62,False,0.001467573350660408,0,Sydney,True,True,1862,True
2.05,False,0.0011480799063614828,0,Tokyo,False,False,1583,False
1.63,False,0.0009157766403919298,3,New York,True,False,660,False
2.34,False,0.001311857736316595,3,Sydney,False,False,1418,True
1.54,False,0.000862725765248958,3,Tokyo,True,False,1614,True
2.42,False,0.0013447806396043455,3,New York,True,True,1680,True
1.77,False,0.0009887384367877731,2,Tokyo,False,False,1367,True
2.21,False,0.001232241229341838,2,London,True,False,1830,False
4.21,False,0.0023391357976675314,2,London,True,False,3622,True
3.17,False,0.0017488786763691735,0,New York,False,False,1292,False
2.12,False,0.0011662128338421763,1,Tokyo,True,True,1117,False
2.15,False,0.0011915846413053117,2,Tokyo,False,False,1327,False
4.78,False,0.002648742401489502,2,London,False,False,3116,False
2.08,False,0.0011547728761617127,3,Tokyo,False,False,991,False
2.99,False,0.0016448092241341374,4,Sydney,False,False,1292,False
6.38,False,0.003495296689329484,4,London,True,True,2521,False
2.09,False,0.0011456637449500347,0,Tokyo,False,False,1024,False
4.6,False,0.0025452613872781193,1,London,False,False,4180,True
3.45,False,0.0019117068494517004,1,Sydney,True,True,1203,False
2.81,False,0.001554341092132047,1,Sydney,True,True,1639,False
2.98,False,0.0016476195215268678,1,Sydney,True,True,1646,False
1.76,False,0.0009673306072198039,2,London,False,False,2127,False
3.07,False,0.0016823577119935117,2,London,False,False,2572,True
1.58,False,0.0008645785453192374,2,New York,False,False,1101,False
1.46,False,0.0007993255006734044,3,Sydney,False,False,767,False
2.99,False,0.0016381138132988545,4,Sydney,True,False,2501,False
1.05,False,0.0005763277493578062,0,Tokyo,False,False,1102,False
1.24,False,0.0006820607034026028,1,Sydney,False,False,1341,False
12.87,False,0.007071972569318519,1,London,False,False,7389,False
6.58,False,0.003606783823190853,2,London,True,True,5616,True
10.97,False,0.00597078289645563,2,London,True,True,6213,False
2.28,False,0.001239366183784959,3,Tokyo,False,False,1548,False
3.28,False,0.0017820566454956888,3,London,False,False,2746,True
3.21,False,0.0017499291305959573,4,Tokyo,False,False,2135,True
3.23,False,0.0017631389331644795,4,New York,False,False,2154,True
3.5,False,0.0019077416154755999,4,New York,False,False,520,False
3.35,False,0.0018243901907713086,0,New York,True,True,1025,False
3.77,False,0.0020529296449575255,0,Sydney,False,False,2544,False
1.73,False,0.0009393036122467816,1,Sydney,False,False,1790,False
1.69,False,0.0009433014434186584,4,New York,False,False,498,False
2.63,False,0.001469035742812617,0,Sydney,False,False,1229,False
8.6,False,0.0047824539549782006,0,London,True,True,5797,False
2.07,False,0.0011512599901002763,0,New York,False,False,1989,False
2.06,False,0.0011453161572974985,1,Sydney,True,False,971,False
2.54,False,0.001411448290424935,1,Sydney,True,False,1052,True
2.45,False,0.0013581157114586164,1,Tokyo,True,True,1935,True
2.5,False,0.0013870625898123028,2,Tokyo,True,False,1888,True
2.29,False,0.0012661657294828627,3,Sydney,True,False,915,False
1.65,False,0.0009140160202080632,3,Tokyo,False,False,2052,False
2.05,False,0.0011354384176973308,3,New York,False,False,1720,False
2.79,False,0.0015382325212127228,4,Tokyo,True,True,2617,False
0.71,False,0.00038966028209209155,1,New York,True,False,489,False
5.53,False,0.0030262401838728214,1,London,True,True,4699,False
1.3,False,0.0007116152022903062,2,Sydney,True,False,1476,True
2.44,False,0.0013327725492552314,2,London,False,False,2230,True
0.72,False,0.000392704424469849,3,New York,True,False,358,False
6.99,False,0.003805634953042058,4,London,True,False,6025,True
4.35,False,0.002363013140525947,4,London,True,False,3710,True
2.86,False,0.0015221105179965618,1,Sydney,True,True,2066,False
1.57,False,0.0008456727946523316,2,Tokyo,False,False,1237,False
3.85,False,0.002059991224972444,2,London,True,False,2477,False
2.03,False,0.001071279677877283,4,Tokyo,False,False,1878,False
5.13,False,0.002692927521929249,0,New York,False,False,1530,True
2.35,False,0.001230153952458476,1,Sydney,False,False,2431,False
1.33,False,0.0006998084734704187,2,Sydney,True,False,636,False
8.26,False,0.004337665747669686,2,London,True,False,4077,False
2.6,True,0.0013585962565447762,3,Sydney,True,False,2694,False
9.56,True,0.0049559357179885955,3,London,False,False,5618,False
6.24,False,0.0032754873862240563,4,London,False,False,3544,False
3.75,False,0.001966913885887524,0,New York,False,False,2653,True
3.54,False,0.0018532964070132089,0,New York,False,False,3911,False
5.68,False,0.0029502355513772094,1,Tokyo,True,False,4517,False
7.73,False,0.003980309568190479,1,New York,True,True,5281,True
5.75,False,0.002985570607446792,2,New York,False,False,1688,True
2.91,False,0.0015072253586781996,3,Sydney,True,False,2201,False
5.18,False,0.0026848559611058706,3,Tokyo,False,False,2652,True
4.44,False,0.0022962825048097814,3,Tokyo,False,False,2470,False
5.04,False,0.0025997204268906004,4,Sydney,False,False,2360,False
11.24,False,0.0056389751513844085,0,Tokyo,False,False,4669,False
5.15,True,0.0025860683726348773,1,Sydney,False,False,1347,True
24.69,True,0.012095292682568377,1,London,True,True,8887,True
7.36,False,0.00370247401728492,3,Tokyo,False,False,2242,False
8.35,False,0.004174624283814456,3,Tokyo,True,False,3068,False
4.29,False,0.002155789727586571,4,London,False,False,2610,False
4.96,False,0.0024973817771690968,4,New York,False,False,1779,False
3.8,False,0.0019131721905318113,4,New York,False,False,588,False
3.91,False,0.0020387838211293093,1,New York,False,False,458,True
3.21,False,0.0016599355676100548,3,Sydney,True,False,1727,True
5.3,False,0.002727937164798287,3,New York,False,False,618,False
4.59,False,0.0023866100258419427,0,Sydney,False,False,986,True
9.09,False,0.004708624708624708,0,London,True,True,4993,False
2.67,False,0.0013783063866691443,1,Sydney,False,False,1002,False
1.62,False,0.0008322544849269466,3,New York,True,False,536,False
2.3,False,0.001183091056860385,3,Tokyo,False,False,1586,False
10.71,False,0.0054731656463036975,3,Tokyo,True,True,3358,False
3.3,False,0.0016860476998221984,4,New York,False,False,487,False
1.5,False,0.0007732397197779255,0,New York,False,False,2613,False
5.08,False,0.0026552372987664647,1,London,False,False,3694,True
2.35,False,0.001224136853291105,2,Tokyo,False,False,2113,True
3.48,False,0.0017896907640642438,3,London,False,False,2329,False
2.85,False,0.0014805656280195746,4,New York,False,False,1889,False
2.65,False,0.0013723885775839746,1,Tokyo,False,False,1136,False
6.02,False,0.003110644916265779,1,London,True,False,3796,False
2.9,False,0.0015006157699193807,3,New York,False,False,1916,True
4.5,False,0.002301590143056614,1,Sydney,True,False,1765,True
1.82,False,0.00092893162654907,1,Sydney,True,False,1384,False
3.33,False,0.001702018911321237,1,Tokyo,False,False,1834,False
5.3,False,0.002691051998233045,2,Sydney,True,False,2185,False
3.61,False,0.0018234165067178502,3,Sydney,True,False,2198,False
5.58,False,0.002818409568449976,1,Tokyo,True,False,3496,False
6.19,False,0.0031788419566054693,2,Tokyo,False,False,2773,True
4.0,False,0.0020429113529691163,2,New York,True,False,2424,False
6.77,False,0.003477233621818742,3,New York,False,False,4291,True
3.27,False,0.0017229297181666342,0,London,False,False,3344,True
4.67,False,0.002453001644088896,1,Sydney,True,False,1791,False
1.83,False,0.0009653680795505499,4,Sydney,True,False,800,True
1.97,False,0.0010344465448435202,4,Sydney,False,False,1847,True
7.7,False,0.004014807862766568,4,Tokyo,True,False,3554,False
3.4,False,0.0017729017186717837,4,Tokyo,False,False,2282,False
1.76,False,0.0009300605067772876,0,Sydney,False,False,1954,False
1.44,False,0.000772859742058061,0,New York,False,False,572,False
2.71,False,0.0014550648067609504,1,Sydney,False,False,1307,False
7.36,False,0.003885647915951746,3,Sydney,True,False,1291,True
3.88,False,0.002067139409373518,4,Tokyo,False,False,3489,True
4.47,False,0.0023753600238067404,4,Tokyo,True,False,3210,False
5.8,False,0.0031187155193736758,1,Sydney,True,False,3128,True
4.84,False,0.0026207210231641415,1,New York,False,False,3348,False
2.6,False,0.0014256027283842986,4,Sydney,True,False,1872,False
4.62,False,0.0025291232372777438,4,Tokyo,False,False,3552,False
2.56,False,0.001414513125687227,4,New York,False,False,2192,True
8.25,False,0.004566538619078722,0,Tokyo,False,False,2008,False
8.5,False,0.004662285946224645,0,New York,True,True,2121,False
1.97,False,0.0010785891834477622,1,Sydney,True,False,669,False
2.7,False,0.0014859822342568438,2,Sydney,True,False,1576,False
5.96,False,0.003282769864613283,2,Tokyo,False,False,2709,False
9.5,False,0.005210675852082625,3,Tokyo,True,False,2969,True
1.98,False,0.0010750995010017973,4,Sydney,False,False,1227,True
3.16,False,0.0017090688819660783,4,Tokyo,True,False,2680,False
4.61,False,0.0025044411727955756,4,London,False,False,2366,True
4.05,False,0.002183464970213225,1,Sydney,False,False,1065,True
9.0,False,0.004818632043903092,1,London,True,True,5378,False
1.61,False,0.0008717498890007906,3,Tokyo,False,False,2102,False
4.15,False,0.0022472761929516753,3,London,False,False,2490,False
1.07,False,0.0005779628699367482,4,New York,False,False,336,False
8.05,False,0.004336209775594411,4,Sydney,True,False,3211,False
5.89,False,0.003165033101195082,0,London,False,False,2220,False
3.68,False,0.0019934130698561277,1,London,False,False,1575,False
11.18,False,0.0060604746468337,2,London,True,False,4943,False
1.93,False,0.0010453961943245277,3,Sydney,False,False,1000,False
2.75,False,0.0014857717098260836,3,Tokyo,True,False,1602,True
2.96,False,0.0015941919708736818,3,Tokyo,True,False,1225,False
6.53,False,0.0035049487944693735,3,London,True,False,3790,True
2.16,False,0.001166231129732415,0,New York,True,True,184,False
4.28,False,0.0023187526411025997,1,Tokyo,True,False,1894,True
2.21,False,0.0011948206417430325,2,Tokyo,False,False,1233,False
1.86,False,0.0010065861037000159,4,Sydney,True,False,990,False
4.72,False,0.002586513960051511,1,Tokyo,False,False,2336,False
11.26,False,0.0061086758387222774,3,London,True,False,5159,False
2.79,False,0.00150402691076107,3,New York,True,False,1137,False
4.58,False,0.002488129773895281,2,New York,False,False,1680,False
3.53,False,0.0019236533064494155,3,Tokyo,False,False,1792,False
4.43,False,0.0024199187169514484,4,London,False,False,3012,False
1.7,False,0.0009310528016474157,4,New York,False,False,485,True
5.15,False,0.002808575152562893,0,Sydney,False,False,3137,False
1.31,False,0.0007198870162057008,2,Sydney,False,False,930,True
4.14,False,0.002276163509910108,2,Tokyo,False,False,1677,True
3.43,False,0.0019397819300547437,1,New York,False,False,1709,False
2.18,False,0.001232947989955433,2,New York,True,False,565,True
3.23,False,0.001823179783589124,2,Sydney,False,False,1948,False
2.38,False,0.0013663790381380503,4,Sydney,True,False,742,True
17.03,False,0.009768773195817154,2,London,True,False,8963,False
4.43,False,0.002555611962340779,3,Sydney,False,False,2224,False
3.02,False,0.0017618061429863197,4,Sydney,True,False,2572,False
5.09,False,0.0029815949482760637,4,Tokyo,False,False,2217,False
6.4,False,0.003732801409132532,0,Sydney,True,True,3583,False
3.47,False,0.0020272480837539727,1,Tokyo,True,False,3310,True
2.68,False,0.0015668024951914364,2,Tokyo,False,False,869,False
18.19,False,0.010654811066008282,3,London,True,False,8054,False
3.64,False,0.002116980627300908,4,Tokyo,True,False,2278,False
3.46,False,0.002012283068906155,4,Tokyo,False,False,2717,True
2.9,False,0.0016785904470838831,4,New York,False,False,496,False
2.27,False,0.001316980343923325,1,Tokyo,False,False,1968,False
3.06,False,0.0017605735096975382,3,Sydney,False,False,1808,True
3.94,False,0.002234953769357309,0,Tokyo,False,False,2505,True
8.11,False,0.004572569095973207,0,Tokyo,True,True,3282,False
6.31,False,0.0035437891024272987,1,Sydney,True,True,2722,False
6.29,False,0.0035341446695659013,1,London,False,False,2600,True
2.7,False,0.001531271976588553,1,New York,False,False,1604,False
3.44,False,0.0019482358271507051,2,New York,False,False,1313,False
2.97,False,0.0016803204489906764,3,Sydney,True,False,918,True
2.22,False,0.0012380585902862593,4,Sydney,False,False,1479,False
2.81,False,0.0015835535844101686,0,Sydney,False,False,1372,False
1.85,False,0.0010407115091441977,0,Tokyo,False,False,1667,True
3.04,False,0.0016995203327481916,1,Tokyo,False,False,1345,False
3.86,False,0.0021489931466047575,1,London,False,False,2378,False
4.29,False,0.0023802918493036674,2,London,False,False,5486,False
3.56,False,0.0019831101406002807,3,London,True,False,2901,False
3.0,False,0.0016727443043056437,4,Tokyo,True,False,1678,False
2.46,False,0.0013686588256239638,4,London,False,False,2065,True
3.43,False,0.0019237024823053023,0,London,False,False,2081,False
3.7,False,0.0020812005714864273,1,Tokyo,False,False,1833,False
2.73,False,0.0015322358857502063,2,Tokyo,True,False,2024,False
1.79,False,0.0010147737451387236,3,Sydney,True,False,685,False
3.59,False,0.0020293033667216857,3,Tokyo,True,False,2103,False
3.54,False,0.0020070985519407623,3,Tokyo,True,False,3625,False
1.12,False,0.0006368521308958577,3,New York,False,False,446,False
2.37,False,0.0013485217470469082,4,Sydney,False,False,840,False
3.37,False,0.001975253647185703,3,Tokyo,False,False,1275,False
2.63,False,0.0015492003652107322,3,New York,False,False,529,False
2.24,False,0.0013182363880322968,4,Sydney,True,False,955,False
1.76,False,0.001036055923473142,4,Sydney,False,False,1647,True
2.69,False,0.001580772169007463,4,Tokyo,True,False,1788,True
1.75,False,0.00102511832794414,4,Tokyo,True,False,1906,False
3.39,False,0.0019773912434816084,4,New York,False,False,2555,False
1.46,False,0.000852738985941488,0,London,False,False,672,False
3.92,False,0.0022823739017531195,1,Sydney,True,False,2028,True
2.3,False,0.001347282589594292,2,Tokyo,True,False,2450,False
3.96,False,0.0023090379008746356,2,London,True,False,3240,True
3.31,False,0.0019258517966859057,3,Sydney,True,False,2631,False
3.69,False,0.002158437501827945,3,New York,False,False,2405,False
3.6,False,0.0020926704218474793,4,London,False,False,2425,False
6.25,False,0.003631989400402134,0,Tokyo,True,False,2486,True
2.14,False,0.0012399758957956706,0,Tokyo,False,False,2802,False
3.26,False,0.0018861047308829399,1,Tokyo,True,False,2334,False
3.64,False,0.002136752136752137,2,Sydney,True,False,1776,False
4.55,False,0.0026663541269887777,2,London,False,False,5226,False
2.96,False,0.0017775749313892108,4,Sydney,True,False,1643,False
12.4,False,0.007392437059956241,4,London,True,False,8303,False
3.66,False,0.00218491809542003,4,New York,False,False,1905,True
2.07,False,0.0012357102349043368,4,New York,False,False,594,False
3.11,False,0.0018605040709743419,0,Sydney,False,False,1777,False
2.54,False,0.0015275255289207493,0,Tokyo,False,False,2318,True
1.96,False,0.0011692208574683983,1,Sydney,False,False,1167,False
3.6,False,0.0021509873629492427,3,New York,False,False,2509,False
12.01,False,0.007283422784196004,0,Tokyo,True,False,7240,False
3.03,False,0.001861854111748115,1,New York,True,False,559,True
5.0,False,0.003047758373716132,1,Tokyo,True,False,4955,False
3.47,False,0.002120521391599802,1,Tokyo,False,False,3302,False
2.02,False,0.0012397657947389742,1,New York,False,False,1245,False
4.21,False,0.002536664136027861,2,London,False,False,4066,False
4.59,False,0.0027675109886465725,3,Sydney,False,False,3159,False
3.57,False,0.0021669327279679996,3,Tokyo,False,False,3322,False
17.77,False,0.010535052615977472,0,London,True,False,8700,False
4.86,False,0.0028488525455025063,1,London,False,False,3571,True
2.34,False,0.0013555944339524266,1,New York,False,False,2648,False
5.01,False,0.002925035030359645,2,Tokyo,False,False,3315,False
9.77,False,0.005809182908991449,1,London,True,False,5526,False
9.27,False,0.005555921821527249,4,Sydney,True,False,3611,False
10.15,False,0.006178626214419635,3,London,True,False,6983,False
4.26,False,0.002621828879506653,4,Tokyo,False,False,3664,False
1.76,False,0.0010657236626984608,1,New York,True,False,717,False
3.55,False,0.002149665136670259,1,Tokyo,False,False,2699,False
11.89,False,0.007188329393556501,1,London,False,False,6475,False
1.68,False,0.0010163954262205818,2,Sydney,False,False,429,False
2.71,False,0.0016251094400268652,3,Sydney,True,False,1412,False
2.68,False,0.0016119525075485091,3,New York,False,False,2062,False
1.39,False,0.0008349200819302872,4,Sydney,False,False,1566,False
3.71,False,0.002260954354317752,0,London,False,False,5393,False
4.64,False,0.0028166278166278165,1,Tokyo,True,False,3134,False
3.96,False,0.002398953184065135,1,Tokyo,True,False,3245,False
2.84,False,0.0017219739642387237,1,London,False,False,2754,False
4.36,False,0.002661896418039843,3,Sydney,True,False,1700,False
4.58,False,0.002802937576499388,4,Sydney,True,False,2093,True
6.9,False,0.0041893844640623675,4,Sydney,True,False,2337,False
5.48,False,0.003261361201704478,0,Tokyo,True,False,5174,False
29.77,False,0.017424029592171184,1,London,True,False,10213,False
1.84,False,0.0010766782136504072,2,Sydney,False,False,1534,True
3.16,False,0.001847920796711169,2,London,False,False,5252,True
2.41,False,0.0014102474077194954,3,Sydney,True,False,2037,False
3.6,False,0.002107197836610221,3,Tokyo,False,False,2616,True
4.01,False,0.002287311410888971,4,Sydney,False,False,1943,True
6.14,False,0.00347652777541857,4,London,False,False,4944,False
7.46,False,0.004197023826267968,1,Tokyo,True,False,3409,True
5.19,False,0.0029159924487594394,2,London,False,False,6158,False
2.33,False,0.0013340203824573457,0,Sydney,False,False,1937,False
2.15,False,0.001236136584468375,0,New York,False,False,2925,True
1.54,False,0.0008772329566168428,3,New York,False,False,298,False
2.13,False,0.0012104335966357902,4,Sydney,True,False,1103,False
2.46,False,0.001400018211619013,4,Tokyo,False,False,1693,False
3.03,False,0.0017277065977864827,0,Sydney,False,False,1156,False
1.89,False,0.0010849909584086798,1,New York,True,False,714,True
3.77,False,0.0021586152797897495,1,Sydney,True,False,3496,True
5.31,False,0.0030341816851993646,1,Sydney,True,False,2935,True
1.68,False,0.0009573740597219056,2,Sydney,True,False,1054,False
3.38,False,0.00190583591767691,3,New York,True,False,1871,True
3.73,False,0.0020952466549078205,3,Tokyo,False,False,2993,True
4.33,False,0.002420508921783462,3,London,True,False,5543,True
10.46,False,0.005812112085970362,3,London,True,False,7452,False
1.92,False,0.0010645671037675696,3,New York,False,False,3324,False
3.72,False,0.0020681603380219046,4,New York,False,False,2864,False
5.11,False,0.0028311347254464164,0,Sydney,True,True,3838,True
1.55,False,0.0008765679255313133,0,New York,False,False,1013,True
3.13,False,0.0017635392486083253,1,Sydney,False,False,2387,False
4.4,False,0.0024805921850070754,2,Sydney,True,False,3086,False
1.84,False,0.0010375900842478037,2,Sydney,False,False,1164,False
4.98,False,0.0027934841141626283,2,London,False,False,4806,True
2.25,False,0.0012607302149404934,3,Sydney,False,False,1477,False
2.16,False,0.00120176258512485,4,Sydney,True,False,1404,False
1.4,False,0.0007793928529675382,4,New York,False,False,767,False
22.14,False,0.012214902843523454,1,London,True,False,13362,False
4.3,False,0.0024138589183666593,4,Sydney,True,False,2025,False
3.16,False,0.0017647912966748207,4,New York,False,False,2945,True
1.42,False,0.0007917612226577528,4,New York,False,False,1110,False
2.16,False,0.001208344288615271,1,Sydney,False,False,2112,True
1.46,False,0.0008027005926789308,1,New York,False,False,954,False
2.8,False,0.0015395950864922523,3,Sydney,True,False,1617,False
5.89,False,0.003282415947303013,3,New York,False,False,3295,False
2.35,False,0.0012997859501435295,1,Tokyo,False,False,1991,True
13.91,False,0.007634970470063889,1,London,True,False,5847,False
4.69,False,0.002574136786006356,4,London,False,False,3953,False
4.1,False,0.0022523264884582,4,London,False,False,3616,True
5.89,False,0.003177960386103302,2,Tokyo,True,True,2760,True
5.69,False,0.0030614276260215972,2,Tokyo,True,True,4760,True
3.13,False,0.0016855687313537325,3,Sydney,False,False,2124,False
3.96,False,0.0021353809983445404,3,Tokyo,False,False,2634,False
3.27,False,0.001777299483115655,4,Tokyo,False,False,2261,False
17.5,False,0.009446591669725564,4,London,True,False,11742,False
2.68,False,0.0014324733148394614,1,Sydney,False,False,1701,True
3.59,False,0.0019139215132241846,1,New York,False,False,2002,False
1.89,False,0.0010063415491270386,2,Sydney,True,False,1457,False
2.98,False,0.0015868705103013457,2,New York,False,False,2489,False
4.98,False,0.002621121608463381,4,Tokyo,False,False,5029,True
10.95,False,0.005725969231412824,4,London,True,True,8581,False
1.89,False,0.000985956638774701,1,New York,True,False,628,False
6.51,False,0.0034034410828275223,1,Tokyo,False,False,2843,False
4.73,False,0.002453306777454474,4,Sydney,False,False,2364,True
3.82,False,0.001979038767400776,4,Tokyo,False,False,3370,True
3.16,False,0.0016376111606309985,4,New York,False,False,2648,False
3.83,False,0.001981888745148771,0,Sydney,True,True,2584,False
3.58,False,0.0018493550503406843,1,Sydney,True,True,1634,False
3.57,False,0.001840177729210373,1,Tokyo,True,True,1976,False
2.28,False,0.0011763127753758524,1,New York,False,False,2322,False
4.23,False,0.0021875727251570863,2,Tokyo,False,False,2264,False
2.86,False,0.0014690850066006091,2,New York,False,False,2276,False
3.55,False,0.0018393782383419688,3,New York,False,False,3774,False
1.27,False,0.0006575813433299505,3,New York,False,False,2059,False
2.86,False,0.0014862933610497596,4,Sydney,False,False,1384,True
5.84,False,0.0030229151461507,0,Sydney,True,True,3270,False
4.22,False,0.002185633859715453,0,Tokyo,False,False,3124,False
8.34,False,0.004343026162306282,1,London,False,False,9931,True
6.26,False,0.003204455524102522,2,New York,True,True,7769,False
2.87,False,0.0014990389436737423,4,Tokyo,False,False,2518,False
2.58,False,0.0013747389061767338,0,Sydney,True,True,1108,True
4.64,False,0.0024784603633294694,1,London,False,False,2900,False
2.66,False,0.001417192786169051,2,Sydney,False,False,1732,False
3.24,False,0.0017204209721440483,3,Tokyo,False,False,1977,False
10.1,False,0.005344424336709316,3,London,True,True,5924,False
6.8,False,0.003655461959005069,4,Sydney,False,False,2481,True
3.14,False,0.0016836731958154824,4,Tokyo,False,False,2636,False
2.55,False,0.0013750559459036814,0,New York,False,False,2113,True
1.98,False,0.0010775451562168368,3,Tokyo,False,False,1922,False
3.53,False,0.0019121183888371287,0,London,False,False,2897,False
4.26,False,0.002315242556984315,2,Tokyo,True,False,2696,False
6.37,False,0.00346280340300617,2,Tokyo,False,False,2828,False
2.18,False,0.0011913023995453378,3,Sydney,False,False,936,False
4.26,False,0.002326966040497949,1,London,True,False,3679,False
4.65,False,0.002541719733037437,2,Sydney,True,False,2895,False
2.62,False,0.0014296861784270178,2,Sydney,True,False,1604,True
2.78,False,0.001515969484297719,2,Tokyo,True,False,1697,False
3.26,False,0.0017737249311729434,2,Tokyo,False,False,2650,False
3.54,False,0.0019213547179027925,4,Tokyo,True,False,1620,True
8.08,False,0.004426572583737825,3,London,True,False,6942,True
3.45,False,0.0018803036826701403,4,Sydney,True,False,2069,False
7.73,False,0.0041498676659276,4,London,False,False,6559,False
4.66,False,0.0024919786096256687,4,New York,True,False,3971,True
6.66,False,0.0034908404748801008,1,London,False,False,7534,False
5.93,False,0.0031060292584813454,1,London,False,False,5093,False
11.68,False,0.006121817886400444,2,Tokyo,True,False,7550,True
4.87,False,0.002536048867109998,3,Sydney,False,False,2676,False
3.39,False,0.0017591016646602185,3,Tokyo,True,False,2628,False
6.26,True,0.0032248426214982638,4,London,True,False,5827,True
7.47,True,0.0037940351875177763,4,London,True,False,5592,True
8.39,True,0.004219961069727438,4,New York,True,True,2563,False
13.73,False,0.006904285383834016,0,Sydney,True,True,3713,True
5.45,False,0.00280188368840997,2,Tokyo,False,False,2508,False
3.67,False,0.0018907000226677931,2,London,False,False,2908,True
5.37,False,0.0027200753719209205,3,Sydney,True,False,2673,True
7.54,False,0.0038101783304950705,3,London,False,False,5669,True
6.99,False,0.00349541945033404,3,London,True,False,4586,False
3.69,False,0.0018737622505458794,2,New York,False,False,2272,False
6.37,False,0.0032154016223392176,3,London,True,True,3756,False
2.54,False,0.0012816307995055125,4,London,False,False,2110,False
5.83,False,0.002970579543254288,0,Sydney,False,False,3087,False
3.61,False,0.0018301369307437655,0,Tokyo,True,True,2351,True
4.19,False,0.0021174984207201516,0,London,True,True,3314,False
12.41,False,0.0062411047912171915,0,London,True,True,9519,False
2.85,False,0.0014085551189858404,2,Sydney,True,False,902,False
2.19,False,0.0010831985517783746,2,Sydney,False,False,1541,True
2.08,False,0.0010412599245086555,0,Tokyo,False,False,1771,True
0.94,False,0.0004686993592780035,2,Sydney,True,False,1569,False
5.61,False,0.0027840500235726162,2,Sydney,True,True,3861,True
1.01,False,0.0005012033843634469,3,New York,True,False,512,True
2.41,False,0.0011913824980473193,3,Tokyo,False,False,3400,True
2.55,False,0.0012569501951969714,3,London,False,False,2892,True
6.9,False,0.003463716316613791,0,London,False,False,6329,False
1.36,False,0.0006781452726792224,1,New York,False,False,861,False
1.58,False,0.0007963709677419355,0,New York,True,True,579,False
3.03,False,0.001529075136632704,0,Tokyo,False,False,4525,False
2.45,False,0.001224981625275621,2,Sydney,True,False,1099,False
9.85,False,0.004929633855824475,0,London,True,True,6109,False
16.89,False,0.008428354000848324,1,London,True,False,11852,False
2.9,False,0.0014368029647686003,1,New York,False,False,3922,False
13.41,True,0.006555982517379953,3,London,False,False,11034,True
3.15,False,0.001536720297391966,4,Sydney,False,False,2348,False
2.46,False,0.0012196270717547261,0,Sydney,False,False,992,True
2.21,False,0.001091358024691358,1,Sydney,True,False,1287,False
1.61,False,0.0007921591009732241,1,London,True,True,2849,False
6.24,False,0.0030730287554726014,1,London,False,False,7069,True
2.73,False,0.0013436758640377213,2,Tokyo,False,False,2125,False
2.83,False,0.0014015590487227488,0,Tokyo,False,False,3584,False
1.77,False,0.0008760858267131933,0,London,False,False,2439,False
3.42,False,0.0017182734868391304,1,New York,False,False,2240,False
2.92,False,0.001465444124924093,2,Sydney,True,False,1577,False
5.86,False,0.0029848465554565135,4,Sydney,True,False,2887,False
3.03,False,0.0015338277354526816,0,London,False,False,2998,False
9.65,False,0.004902184901270504,1,London,False,False,6277,False
2.69,False,0.0013619563566401702,1,New York,True,False,2888,True
2.15,False,0.0010877814318239311,2,Sydney,False,False,1043,False
1.86,False,0.0009552962445558387,0,Tokyo,True,True,2379,False
7.24,False,0.0037274435606353133,1,Tokyo,False,False,3196,True
6.01,False,0.003077285434864978,1,Tokyo,True,True,3655,True
1.32,False,0.0006734109796599274,2,Sydney,False,False,948,False
2.7,False,0.0013756770114181193,3,Tokyo,False,False,2209,False
8.82,False,0.004480705533315722,3,London,False,False,6950,True
3.14,False,0.001598826848070715,0,New York,True,True,2360,False
11.66,False,0.005918240972906029,2,London,True,True,7073,False
3.33,False,0.001713447734698603,3,New York,True,False,753,True
11.38,False,0.005805944715978083,3,London,True,False,8817,False
1.13,False,0.0005747828033123766,3,New York,False,False,628,False
1.97,False,0.0010040211812793372,1,Sydney,True,False,1317,False
2.65,False,0.0013478939792373463,1,Tokyo,True,False,1606,False
2.29,False,0.0011774808080911958,3,New York,True,False,750,False
13.33,False,0.0068234053553238435,3,London,True,False,8687,False
2.79,False,0.0014239634158789785,3,London,False,False,3197,False
4.06,False,0.002072253243637774,4,New York,False,False,2776,False
1.96,False,0.0010136375625119593,3,New York,True,False,639,False
1.82,False,0.0009482228636330482,4,London,False,False,1838,True
5.63,False,0.0029105835642499692,4,London,True,False,5464,False
5.31,False,0.002754592284029071,0,Tokyo,False,False,3185,True
2.88,False,0.001495777544639611,1,Sydney,True,False,2456,True
3.49,False,0.0018273208021362375,3,Tokyo,False,False,2289,False
2.5,False,0.0013019544940865227,4,London,False,False,3455,True
1.99,False,0.0010382590638972802,0,Sydney,False,False,1684,False
8.14,False,0.004235039488881721,0,London,True,True,5617,True
3.21,False,0.0016721972463443475,3,Sydney,True,False,2289,False
1.24,False,0.000646105909263804,3,Tokyo,False,False,1715,False
5.28,False,0.00274643821294259,3,Tokyo,True,False,2192,False
2.8,False,0.0014546134624475948,3,Tokyo,True,False,2951,False
6.51,False,0.003365802208710758,4,London,True,False,11036,False
2.22,False,0.0011515179807976596,1,Sydney,False,False,3341,True
2.89,False,0.0014960915255992132,1,Tokyo,True,True,4318,True
1.67,False,0.0008631204647412706,2,Sydney,True,False,2045,True
7.1,False,0.0036179265713776145,3,Tokyo,True,True,4681,False
2.41,False,0.0012291967377832636,3,Tokyo,False,False,2526,False
4.71,False,0.002403748009635406,3,London,False,False,6380,False
3.5,False,0.0017860058785107772,4,London,False,False,2316,False
2.25,False,0.0011507244449672426,0,New York,False,False,1908,False
3.68,False,0.001878471087879778,1,Sydney,True,False,2694,False
4.14,False,0.0021044819365300445,1,London,False,False,4903,False
11.26,False,0.005680356359123631,1,London,True,True,13708,False
1.04,False,0.0005256560591969593,2,Sydney,False,False,1810,False
2.27,False,0.0011567291572183466,4,London,False,False,2737,True
5.51,False,0.0028041283283120264,0,Tokyo,False,False,3921,False
1.59,False,0.0008083170229531533,0,London,True,True,2321,False
4.58,False,0.0023368896916632228,1,Sydney,True,False,3456,False
3.54,False,0.0018035000127365822,1,Sydney,True,False,3726,False
7.16,False,0.0036516080335376737,1,London,False,False,3202,False
1.42,False,0.0007231910039113429,1,New York,False,False,1264,True
2.32,False,0.0011806135119180898,2,Tokyo,False,False,1640,True
4.7,False,0.0024007273693135963,4,London,True,False,2776,False
1.26,False,0.0006425719196071132,4,New York,False,False,1497,False
6.06,False,0.0031262735953694,3,London,False,False,11034,False
2.39,False,0.0012349889419400178,3,London,False,False,3167,False
1.82,False,0.0009409429075135842,4,Tokyo,False,False,1475,False
3.92,False,0.0020413051855400605,3,London,False,False,5327,False
2.93,False,0.0015442509592275585,3,Tokyo,True,False,2564,False
2.73,False,0.001440253231337378,4,Tokyo,True,False,2140,False
1.13,False,0.0005975958665404487,0,Sydney,True,True,1133,False
3.57,False,0.001885765900915415,0,Sydney,True,True,3100,False
2.91,False,0.0015371450304259636,0,London,False,False,3179,False
5.06,False,0.0026628355514858727,1,Tokyo,True,True,3653,False
1.08,False,0.0005689420838030618,2,New York,True,False,359,True
2.87,False,0.0015091918724496234,2,Sydney,True,False,1881,False
2.54,False,0.001321505684035275,3,Tokyo,False,False,2328,False
1.92,False,0.0010023492560689116,4,Tokyo,False,False,1542,True
2.67,False,0.0013921549202509007,4,Tokyo,True,False,1644,False
1.12,False,0.0005839842324257246,4,Tokyo,False,False,1236,False
2.82,False,0.00147429395957716,4,New York,False,False,3492,True
1.01,False,0.000527349052860216,0,Tokyo,False,False,1254,False
0.84,False,0.00043731778425655976,1,New York,True,False,317,True
2.49,False,0.0012941922473206583,1,Sydney,True,False,1066,False
13.87,False,0.007169366593956436,1,London,True,True,20665,False
2.08,False,0.0010736980121100748,1,New York,False,False,1684,False
2.39,False,0.0012287980915068972,3,New York,True,False,879,True
0.77,False,0.0003973783351395985,1,Sydney,False,False,568,False
1.5,False,0.0007810344019619584,4,New York,False,False,1588,False
1.17,False,0.0006126745075039535,2,Sydney,False,False,1354,False
2.36,False,0.0012337675916438385,3,Sydney,True,False,1474,False
3.73,False,0.0019473942507491984,4,Sydney,True,False,3405,True
0.83,False,0.000431383962911374,0,Sydney,False,False,958,True
2.01,False,0.0010408144243415941,0,London,True,True,2082,True
2.22,False,0.001148652144668081,1,Tokyo,False,False,1998,True
1.31,False,0.0006780433016050476,1,New York,False,False,1210,False
2.21,False,0.0011440048451969915,2,Tokyo,False,False,1399,True
3.9,False,0.0020045230263157896,2,London,False,False,2638,False
2.14,False,0.0011117980475995033,3,Tokyo,False,False,2112,False
2.04,False,0.0010649404886197537,1,Tokyo,False,False,3279,False
0.67,False,0.00035239973701512166,2,New York,True,False,353,False
1.19,False,0.0006374749563410008,4,Sydney,True,False,589,False
2.29,False,0.0012221937577387813,4,Tokyo,False,False,1869,False
4.49,False,0.002435016513642058,0,Tokyo,False,False,2724,False
2.5,False,0.0013704787904702386,1,Tokyo,False,False,3060,True
5.15,False,0.0028155461886251935,1,Tokyo,False,False,4321,False
3.13,False,0.001719232332553362,2,New York,False,False,2350,True
1.25,False,0.0006854686137631131,3,Sydney,True,False,440,False
8.61,False,0.004706100987133377,4,London,True,False,13896,False
5.91,False,0.0031928514702783887,0,London,False,False,5766,True
5.37,False,0.0028834382181747893,0,New York,True,True,3001,False
4.66,False,0.002494406320590093,2,Tokyo,True,True,7742,True
4.64,False,0.002466209213204849,4,Tokyo,True,False,5585,True
8.2,False,0.004268543437635018,4,London,True,True,11749,True
0.58,False,0.0003020738935241607,0,New York,False,False,479,False
2.48,False,0.0012870346824708989,1,London,False,False,5257,False
10.11,False,0.005219357569875375,2,Sydney,True,True,3635,False
2.35,False,0.0012109157614856648,2,Tokyo,False,False,2920,True
4.08,False,0.0020904316638913796,3,Tokyo,False,False,5202,False
2.66,False,0.0013635641310866993,3,Tokyo,False,False,3009,True
2.52,False,0.0012907786161009266,3,London,False,False,2759,True
4.78,False,0.002422952149229522,3,New York,True,True,8923,True
4.41,False,0.0022294796869628524,4,Sydney,False,False,3937,False
10.14,False,0.005125846093185254,0,New York,True,True,1881,False
4.8,False,0.0024349043539133477,0,Sydney,False,False,2230,True
3.63,False,0.0018335555824948479,0,Tokyo,True,True,3702,False
3.68,False,0.0018650192330108405,2,Tokyo,False,False,2248,True
6.15,False,0.003096863858843435,3,London,False,False,6809,False
2.36,False,0.0011865020311305956,4,Tokyo,False,False,2015,False
9.13,False,0.004571880680424039,4,New York,True,True,7714,True
12.93,False,0.006437095192341201,4,New York,True,True,9231,False
5.42,False,0.0027334668125860513,2,New York,False,False,1907,True
7.36,False,0.003741966973074107,1,London,False,False,9146,False
2.86,False,0.0014651189000338103,3,Sydney,True,False,1192,False
2.58,False,0.0013310495686986669,0,Sydney,False,False,1102,True
4.93,False,0.0025372220249399147,0,London,True,True,5313,True
2.87,False,0.0014571264653767458,2,Tokyo,True,False,2157,True
3.08,False,0.0015517623586787854,4,Sydney,True,False,830,False
2.99,False,0.0015043343949204817,4,Tokyo,True,False,2070,False
5.7,False,0.0028744036873052216,0,Sydney,True,True,5133,False
3.94,False,0.0019832181489628374,1,Sydney,True,True,2079,True
3.64,False,0.0018301113652932452,1,Tokyo,False,False,2634,True
2.78,False,0.0013961710761566121,2,New York,False,False,1387,False
2.05,False,0.0010295144207349226,3,New York,True,False,418,True
16.09,False,0.007972766733395437,0,Sydney,True,True,3367,False
3.15,False,0.0015660033109784288,0,Sydney,False,False,1774,False
5.66,False,0.0027616087590813503,2,Sydney,True,True,1874,False
2.14,False,0.0010470948012232415,3,Tokyo,False,False,1536,False
2.06,False,0.0010069804274289737,3,Tokyo,False,False,1486,False
7.48,False,0.003617581057030102,4,London,True,True,1989,True
0.64,False,0.00030892801977139327,4,New York,False,False,350,True
3.5,True,0.001724273834390888,0,New York,False,False,617,True
3.22,False,0.0015801974756099956,1,Sydney,False,False,705,False
3.15,False,0.0015518770322199232,2,London,False,False,1481,False
2.0,False,0.0009993654029691146,4,New York,False,False,947,True
3.03,False,0.0015264022246178955,1,Sydney,False,False,595,True
1.97,False,0.0009932990132557518,2,Tokyo,True,False,1137,False
26.28,False,0.01308784493792238,2,New York,True,True,4235,True
8.39,False,0.004144499276318065,2,New York,True,True,2541,True
8.08,False,0.003960590167148669,3,Tokyo,True,True,2485,False
5.48,True,0.0026899006013007733,4,Sydney,False,False,933,False
11.46,True,0.005635271092927883,0,London,True,True,11965,False
2.04,True,0.0010076910537781005,1,Sydney,False,False,2090,True
4.08,True,0.0019970338174182464,3,New York,False,False,5255,True
3.38,False,0.001642243557352198,1,Sydney,False,False,3986,True
1.06,True,0.0005102212723763315,2,New York,False,False,630,True
4.53,True,0.002173704414587332,3,Sydney,True,False,3824,True
2.93,True,0.001415759871663542,4,Sydney,True,False,4364,True
8.24,True,0.00402493112678533,3,London,False,False,20457,False
5.64,True,0.0027531399952161746,4,New York,False,False,11051,False
8.22,True,0.0039966743002173375,4,London,True,True,47802,False
3.75,True,0.0018662565878857554,3,New York,True,False,3062,False
4.51,True,0.0022360162222729027,3,London,True,False,11759,False
1.55,True,0.0007668294323978015,3,New York,True,False,7162,True
3.54,True,0.0017463802076909795,4,Tokyo,True,False,9736,True
3.71,True,0.0018384630250893215,3,Tokyo,False,False,11812,False
3.22,True,0.001584825054016941,0,Tokyo,True,True,8438,False
6.37,True,0.003126441746095629,0,London,True,True,13524,False
2.54,True,0.0012442563363998863,3,New York,True,False,2293,True
8.49,True,0.004144779238024566,3,London,False,False,25532,True
2.84,True,0.001381524541518704,4,Tokyo,False,False,5248,False
1.7,True,0.0008343435434079498,4,New York,False,False,1436,False
2.51,True,0.0012305308931889378,4,New York,False,False,2014,False
6.73,True,0.0033254767093098526,0,London,False,False,24066,False
9.67,False,0.00481852065934504,4,London,False,False,8515,False
2.5,False,0.0012322737422181913,1,London,False,False,2710,False
5.37,False,0.0026342253072036497,4,London,True,True,5957,False
2.21,False,0.0010864168399526105,2,New York,False,False,2595,True
17.53,False,0.008556436851738866,3,London,True,True,10974,False
5.19,False,0.0025253508242667243,4,Tokyo,True,True,5273,False
17.06,False,0.008266465092840252,4,London,True,True,10679,True
8.75,False,0.004148020327669903,0,London,True,True,5917,True
6.75,False,0.0031820410318298383,1,Tokyo,True,True,4829,False
7.91,False,0.0037100443235383784,1,London,True,True,6950,False
4.83,False,0.0022648091792762926,2,Tokyo,True,False,3008,True
5.2,False,0.0024004727084718223,4,Tokyo,True,True,4198,False
7.76,False,0.0035638507958960603,4,London,False,False,7033,False
6.6,False,0.003026176426085641,4,London,False,False,6229,False
2.2,False,0.0010117082233483865,2,New York,False,False,669,True
1.48,False,0.000684079889437899,3,New York,False,False,923,False
5.27,False,0.0024294894845056656,4,Sydney,True,False,1494,False
1.33,False,0.0006162514305836781,4,New York,False,False,481,False
2.47,False,0.0011431692168133814,0,Tokyo,True,True,1370,False
2.12,False,0.0009819269853915203,2,Tokyo,False,False,875,False
7.8,False,0.003586173920239814,3,London,False,False,3044,True
5.73,False,0.002633223653976949,0,London,False,False,2237,False
7.46,False,0.0034131410505703055,1,Tokyo,True,True,1701,True
8.0,False,0.003647205784468374,2,London,False,False,3642,False
2.29,False,0.001044512659584658,2,New York,False,False,940,False
8.19,False,0.0036976337852663516,3,London,False,False,3226,True
4.29,False,0.0019305974951735062,3,London,False,False,1518,True
2.9,False,0.001288093133575258,0,New York,False,False,828,False
7.14,False,0.0031382546205744673,2,London,False,False,3364,True
10.35,False,0.004504935842749447,3,London,False,False,3489,False
4.72,False,0.00205747862968436,3,New York,False,False,1605,False
6.82,False,0.0029761255383863464,3,New York,False,False,1722,False
7.19,False,0.0031448604058138367,4,Tokyo,False,False,2465,True
11.54,False,0.004963355469153219,0,Sydney,False,False,3462,True
8.07,False,0.0034118582155178243,1,Tokyo,True,True,2768,False
6.98,False,0.0029739333463993252,1,London,False,False,3064,True
8.81,True,0.003684080673421512,4,Sydney,True,True,3548,False
8.19,True,0.0034192672998643145,4,Tokyo,False,False,2807,False
7.56,False,0.0032074399029282737,0,Tokyo,False,False,1704,False
17.01,False,0.007137013027880925,1,London,False,False,4553,False
9.23,False,0.003848751970244102,1,London,True,True,3426,False
6.35,False,0.002658149425672281,2,Tokyo,True,False,2460,False
5.18,False,0.0021722994082790607,3,London,False,False,6713,False
5.05,False,0.002122080563422895,4,Sydney,False,False,2117,True
8.83,False,0.003679657287638352,4,London,False,False,1956,False
20.06,False,0.008606930166303397,1,London,False,False,3106,False
4.09,False,0.0017787094136782317,3,Tokyo,False,False,1342,False
8.35,False,0.003617036023079722,3,New York,False,False,1652,False
12.77,False,0.005531059693864291,0,Sydney,True,True,2623,False
8.53,False,0.003680769811646422,2,Sydney,True,False,1965,False
6.7,False,0.0028584593330830406,3,New York,True,True,1755,True
4.83,False,0.0020437610280583424,2,Tokyo,True,False,1952,True
6.47,False,0.002731236992853193,2,Tokyo,True,True,1709,False
7.45,False,0.0031385071659069657,2,London,False,False,2712,True
5.9,False,0.002469259807983661,2,New York,True,True,1585,False
5.1,False,0.002136009348182088,4,Tokyo,False,False,1644,True
10.08,False,0.004114168166623811,0,Tokyo,True,True,2564,False
6.37,False,0.0026354658403081464,2,Tokyo,False,False,2191,False
6.34,False,0.0026252153173446403,2,London,False,False,2738,False
3.38,False,0.0014493561514019732,4,New York,True,False,744,False
3.07,False,0.0013146681854581425,4,Sydney,True,False,1157,True
6.93,False,0.0029565350944555364,4,Tokyo,True,False,1621,False
6.07,False,0.0025885965286366157,4,London,True,False,2618,False
4.7,False,0.0020080407076848144,0,New York,True,True,890,False
3.79,False,0.0016059594230410684,2,Sydney,False,False,1741,False
4.75,False,0.0020359440565435242,3,Tokyo,False,False,2400,True
5.99,False,0.00255040129436059,3,London,True,False,3069,False
4.31,False,0.0018355500474858072,3,London,False,False,2233,False
12.41,False,0.0052406430661773706,3,Sydney,True,True,2759,False
10.82,False,0.004555885387060781,3,London,False,False,2779,False
6.5,False,0.0028196752601692674,0,London,True,True,1969,True
6.09,False,0.0026219034416249776,4,Tokyo,True,False,2066,True
2.56,False,0.0011048340806787823,0,London,False,False,1719,False
4.68,False,0.0020013171061296748,3,Sydney,False,False,1330,False
3.71,False,0.0015713281322795693,3,New York,False,False,1411,False
2.28,False,0.000964813913632228,4,Sydney,True,False,1108,False
5.48,False,0.0023140621503042486,4,Tokyo,True,True,2104,False
8.97,False,0.0038639643326369303,2,Sydney,False,False,2034,False
5.26,False,0.0022698438727161313,2,Tokyo,False,False,2223,False
3.02,False,0.0012959426695560753,4,Tokyo,False,False,1715,False
0.75,False,0.00032153513735981066,1,Sydney,False,False,348,False
2.34,False,0.0010024762019004206,1,Sydney,True,False,1274,False
6.72,False,0.0028829447221090116,1,Tokyo,False,False,1940,False
2.12,False,0.0008986782647031395,4,Sydney,True,False,1154,True
1.76,False,0.0007379485867865275,0,Sydney,False,False,741,False
5.05,False,0.00214093726417894,0,London,False,False,1675,False
4.1,False,0.0017314554783673642,1,Sydney,True,False,1127,False
9.63,False,0.004076656379776737,1,London,False,False,2377,False
1.84,False,0.0007782364485348853,2,New York,False,False,364,True
4.9,False,0.002060243192788308,2,London,True,False,1683,True
2.94,False,0.0012344590424124857,3,Sydney,True,False,876,False
2.65,False,0.0010965683617268674,3,New York,False,False,1192,False
3.58,False,0.0014822052564463508,4,London,False,False,1746,False
4.02,False,0.0016665975705816506,0,Tokyo,False,False,1899,False
4.33,False,0.0017822450525206625,1,Sydney,False,False,1208,True
8.84,False,0.003572713200851955,2,Tokyo,False,False,5193,False
5.6,False,0.0022709761141976557,3,Sydney,True,False,3742,True
5.22,False,0.0021811708959932475,0,London,False,False,3847,True
3.5,False,0.001452354474081697,1,New York,False,False,986,False
7.19,False,0.002973925416101387,2,London,False,False,3615,True
8.87,False,0.0037364988963216332,4,Sydney,True,False,6842,False
9.37,False,0.00391225198744071,1,London,True,False,6819,False
10.56,False,0.004399670024748144,1,London,True,False,5931,True
11.06,False,0.004573668735707285,2,Sydney,True,True,4345,False
3.31,True,0.001353406823460142,3,Sydney,False,False,2247,False
3.51,True,0.001428164544085934,4,Sydney,False,False,2483,True
9.15,True,0.0037093792566647212,4,Tokyo,True,True,5582,False
10.4,True,0.004338087153839416,0,London,False,False,9213,True
3.58,False,0.0014918531483102055,3,Tokyo,False,False,3515,True
4.61,False,0.0018935348722582768,4,London,False,False,3526,False
3.32,False,0.0013643405755709066,0,Sydney,True,True,1569,False
4.22,False,0.0017239055038338516,2,New York,False,False,3662,False
1.79,False,0.0007307912141749,3,Sydney,True,False,1674,True
19.62,False,0.007872341279235397,4,London,True,True,7548,False
10.26,False,0.004079312003753285,1,Tokyo,True,True,4932,True
9.71,False,0.0038546430386178867,2,New York,False,False,5921,False
1.96,False,0.0007879396984924623,4,Sydney,True,False,1070,True
3.89,False,0.001542628496194982,0,Tokyo,True,True,3813,True
5.89,False,0.0023311038112953657,0,London,True,True,3823,False
5.79,False,0.0022972908632100174,0,London,False,False,3868,False
10.52,False,0.004190450393750971,2,London,False,False,6243,False
3.14,False,0.0012522382762182403,3,New York,True,False,1370,True
7.16,False,0.002834554646333884,4,Tokyo,True,False,3638,False
6.67,False,0.0026451878995542443,4,London,False,False,3500,False
4.03,False,0.001609090763898871,1,Tokyo,True,False,4234,False
5.04,False,0.002020922968350903,1,New York,False,False,2646,False
2.6,False,0.0010409493458033727,4,New York,False,False,1087,False
4.64,False,0.001856408409850167,0,London,False,False,4592,True
3.96,False,0.0015802516431025608,1,Tokyo,False,False,3955,False
7.41,False,0.00294756438101148,1,London,True,True,5311,False
5.33,False,0.002064003469694388,4,London,False,False,4807,False
3.47,False,0.001343778923195483,0,Sydney,True,True,1925,True
3.31,False,0.0012805880646097301,0,Sydney,True,True,2687,True
2.97,False,0.0011499816080382554,1,Sydney,False,False,2961,False
3.68,False,0.0014229591363256722,1,Sydney,True,False,2936,False
3.71,False,0.0014382799567352984,1,Tokyo,False,False,2713,False
6.01,False,0.0023246998390889957,1,Tokyo,False,False,4711,False
1.16,False,0.0004512354515466484,2,New York,True,False,637,True
2.76,False,0.001072515242539996,2,Sydney,True,False,1509,False
6.14,False,0.0023972108022847684,3,Sydney,False,False,5076,True
4.86,False,0.0018919928991871441,3,Tokyo,True,False,3598,True
4.54,False,0.0017531191232859785,3,London,False,False,4765,False
5.43,False,0.0020887507501038604,4,Tokyo,True,False,4683,True
11.74,False,0.0044758252064445786,4,London,True,True,8168,False
6.05,False,0.002299671964147924,0,Sydney,True,True,4188,False
3.44,False,0.0013069263296265762,1,Sydney,True,False,4919,False
2.76,False,0.001037266427143308,2,Sydney,True,False,2453,False
5.45,False,0.0020449974484435507,2,Sydney,True,True,4410,False
7.51,False,0.0028227140150945667,2,New York,False,False,4981,False
8.12,False,0.003052597151159949,4,New York,False,False,1466,False
5.14,False,0.0019354668654850526,0,Tokyo,False,False,4807,False
2.27,False,0.0008599527215420052,1,Sydney,True,False,2179,False
2.96,False,0.0011147054503824268,2,Tokyo,False,False,4496,False
8.89,False,0.0033445948487972254,2,London,False,False,6392,False
6.19,False,0.002360802291389365,2,Tokyo,False,False,2424,False
5.29,False,0.002017944062132841,2,Tokyo,False,False,1630,False
4.59,False,0.0017548420642142207,3,Sydney,True,False,2458,False
5.03,False,0.0019118060676087602,3,New York,True,False,1448,True
5.53,False,0.0020800499512899696,4,London,True,False,2566,False
7.9,False,0.0029749352292583,0,Sydney,False,False,2409,True
1.88,False,0.0007093402758126285,0,New York,False,False,1042,False
3.62,False,0.001368552774343794,1,Tokyo,False,False,1804,True
1.8,False,0.0006726683632857608,3,Sydney,True,False,1187,True
2.22,False,0.0008289830394551117,3,Sydney,True,False,1594,False
7.12,False,0.0026371054064364633,4,Sydney,True,True,2603,True
6.33,False,0.002333588934438317,4,Tokyo,False,False,2110,False
4.73,False,0.0017424747562193087,4,London,True,True,2116,False
3.85,False,0.0014089764609439045,1,Sydney,True,False,2184,True
5.87,False,0.002137981774342762,1,London,True,True,2024,False
10.5,False,0.0038566501504093556,2,London,False,False,2529,False
3.12,False,0.001144546711812676,3,Sydney,False,False,1455,True
5.42,False,0.0019834589767986533,4,Tokyo,False,False,2342,False
4.9,False,0.0017997039670617446,4,Tokyo,False,False,1724,True
2.5,False,0.0009107634018834588,4,New York,False,False,782,False
3.78,False,0.001380443714050945,0,New York,True,True,1581,False
3.86,False,0.0013861706139012082,2,Tokyo,False,False,1728,False
3.83,False,0.0013771182631770083,3,Tokyo,False,False,2003,False
3.32,False,0.0012049898192878219,4,Sydney,True,False,2495,False
3.05,False,0.0011127691168261635,1,Tokyo,False,False,1783,False
7.61,False,0.002845827926509579,3,London,True,False,2301,True
8.04,True,0.003069627864890558,0,New York,False,False,1874,False
2.87,False,0.0010945174970253533,1,New York,True,False,665,False
9.19,False,0.003522908488714426,2,Sydney,True,False,2842,False
17.39,False,0.006704061373580833,0,Sydney,True,True,3047,False
3.76,False,0.0014354651517928042,1,Sydney,True,True,2105,True
4.9,False,0.0018429228003400005,3,Sydney,True,True,1549,False
26.48,True,0.009741812536329457,0,New York,True,True,2445,False
8.56,True,0.003196355557215138,0,Tokyo,False,False,1992,False
4.17,False,0.0015742502491619098,3,Tokyo,False,False,1740,False
4.71,False,0.0017911196969927444,3,New York,False,False,1798,False
19.56,False,0.007379767514685964,0,Sydney,True,True,3068,False
4.41,False,0.0016687857596948508,0,Tokyo,False,False,2333,True
9.92,False,0.003720567386526445,0,London,True,True,2934,True
5.41,False,0.0020296836544810614,1,Sydney,True,False,1458,True
3.4,False,0.0012711468361529114,1,Tokyo,False,False,1989,True
5.1,False,0.0019003897662147962,3,London,False,False,2495,False
4.81,False,0.0017911270322402864,4,Sydney,True,False,1354,True
3.53,False,0.0013358410311330427,1,Tokyo,False,False,1936,False
3.15,False,0.0011885402085039108,2,Sydney,True,False,1209,False
5.65,False,0.0021401271955242933,2,London,False,False,1489,False
5.58,False,0.0021514746083583633,3,Sydney,True,False,1575,True
7.33,False,0.0028194042710320633,3,New York,False,False,2128,False
2.83,False,0.0010819283556982836,1,New York,True,False,619,True
6.52,False,0.0024738387755256904,3,New York,False,False,2146,False
3.52,False,0.001339809077206498,4,Tokyo,False,False,1302,False
5.95,False,0.002276109268546465,1,Tokyo,True,False,1776,False
4.41,False,0.0016683438377204597,0,Sydney,True,True,1399,False
2.18,False,0.0008272742452071222,1,Sydney,False,False,1007,True
8.37,False,0.0031459305865638317,2,New York,False,False,2109,False
2.74,False,0.0010296842176466831,3,Tokyo,False,False,1137,True
6.45,False,0.002418483966763656,3,Tokyo,True,False,1804,False
2.81,False,0.0010507108189561692,4,Sydney,False,False,1053,True
2.61,False,0.0009698167752291702,0,New York,False,False,894,False
3.22,False,0.0012048373095459037,1,New York,False,False,1801,True
4.17,False,0.0015563301957915636,2,Sydney,True,False,2144,True
4.58,False,0.0016870674127089957,4,Sydney,False,False,1913,False
3.7,False,0.0013697970849237172,0,Sydney,False,False,1456,True
9.27,False,0.003356142065819485,2,Tokyo,True,True,2259,False
3.46,False,0.0012566601170219335,3,Sydney,False,False,1042,False
2.62,False,0.0009441917790447086,4,Sydney,False,False,1428,False
2.59,False,0.0009448209947250533,1,Sydney,False,False,1544,False
5.12,False,0.001852106409301047,2,Tokyo,False,False,1833,False
7.76,False,0.002785345350519201,3,London,True,True,2909,True
4.67,False,0.0016703029435959798,3,London,False,False,2447,False
8.11,False,0.0028960355380341237,4,Tokyo,True,True,1864,False
6.09,False,0.002170457542429059,4,London,True,True,2072,True
16.46,False,0.0058154324477105715,0,London,True,True,3135,False
13.83,False,0.004877842321895269,1,London,True,True,2822,False
6.62,False,0.0023112507637252336,2,Tokyo,True,True,1988,True
9.95,False,0.0034509069469011197,4,London,True,True,3018,False
3.95,False,0.0013605301589925877,0,Tokyo,True,True,2004,False
4.83,False,0.0016610781532112459,0,New York,False,False,2268,True
5.57,False,0.0018949380998227537,2,Tokyo,False,False,1925,False
8.37,False,0.002840639126834367,2,Tokyo,True,True,1795,False
4.48,False,0.0015292033464976806,4,Tokyo,False,False,1771,True
9.63,False,0.0032744966693982478,0,Sydney,True,True,2049,False
5.68,False,0.0019300952134997924,1,London,False,False,2648,False
4.6,False,0.0015758821514217196,2,New York,True,False,921,False
9.66,False,0.00336729678573047,0,Tokyo,False,False,2382,False
5.37,False,0.0018442264036898266,4,Sydney,False,False,1907,True
5.58,False,0.0019127668618283036,4,Tokyo,True,False,1786,True
16.54,False,0.005677313058849777,0,Tokyo,False,False,2117,False
10.18,False,0.003464824206119601,2,London,True,True,2407,False
18.56,False,0.006246823577720111,3,London,True,True,2601,False
5.0,False,0.001672744304305644,3,New York,True,True,872,False
3.68,False,0.001231997107485052,4,Tokyo,False,False,1752,True
4.05,False,0.001350630294137264,0,London,False,False,1639,False
2.44,False,0.0008096440552548885,1,Sydney,False,False,879,False
6.47,False,0.0021223413328434783,2,New York,False,False,2021,True
8.56,False,0.002815011641520106,3,London,False,False,2311,False
6.28,False,0.0020645127355451236,3,London,False,False,1744,False
5.99,False,0.001983778717598005,4,New York,False,False,1447,True
3.28,False,0.0010849251633176216,4,New York,False,False,854,False
9.51,False,0.003135530072733747,0,Tokyo,True,True,2033,False
7.38,False,0.0024452632136987753,1,Tokyo,False,False,1883,True
7.28,False,0.0024062536151646867,2,Sydney,True,False,1945,False
4.51,False,0.0014880805081250515,2,Tokyo,True,False,1793,False
4.27,False,0.0014103533810497387,3,Sydney,False,False,1617,True
13.48,False,0.0044148953591196406,3,Tokyo,True,True,2311,False
10.58,False,0.00346763594411141,3,London,False,False,2765,False
8.28,False,0.0026935325940215284,4,Sydney,True,True,1990,True
9.03,False,0.00290629375130751,0,Sydney,True,True,2111,True
14.67,True,0.0046424197544928944,3,Sydney,True,True,1955,False
39.41,True,0.012604544800345415,3,London,False,False,2816,False
16.42,True,0.005284874701478607,4,Tokyo,False,False,2542,False
12.09,False,0.004019615992020613,1,Tokyo,False,False,1865,True
21.26,True,0.007063615733988086,2,Sydney,True,False,2391,True
14.17,True,0.00462832916337316,2,London,False,False,2467,True
10.71,True,0.0033947516062468506,3,London,True,True,2277,True
16.15,True,0.005093448217135432,3,London,True,True,2215,False
10.66,True,0.003267643281253353,2,Sydney,True,True,2465,True
17.5,True,0.005123445766130803,0,London,True,True,2356,False
8.69,True,0.0025387903204601957,0,New York,False,False,2073,True
16.97,True,0.004863732377210103,1,Sydney,True,True,2326,False
17.78,True,0.005331909891322602,2,Tokyo,False,False,1831,False
13.8,True,0.00418630894960048,2,New York,False,False,2084,True
23.07,True,0.006965790029892207,3,New York,True,False,2151,True
30.14,True,0.008967595857173036,3,Sydney,True,False,3019,False
12.76,True,0.003817730305478263,3,London,False,False,2033,False
12.84,True,0.0038852342941521774,4,Tokyo,False,False,2298,False
7.39,True,0.0022426219558455353,4,New York,False,False,1976,True
7.75,False,0.002334386568391502,1,London,False,False,2040,True
6.52,False,0.0019672625782605415,2,Tokyo,False,False,1948,False
10.77,True,0.0033442739013113155,3,London,False,False,2092,True
19.75,True,0.006046541531321085,0,Sydney,True,True,2177,False
19.84,True,0.006008388728214291,0,Tokyo,True,True,2365,True
13.52,True,0.004052344785003926,0,New York,True,True,2005,False
9.62,True,0.0028435122401083016,1,Tokyo,False,False,1927,False
17.0,True,0.005011393550631288,1,London,True,True,2284,True
9.9,True,0.0029077793377312276,1,London,True,True,2185,True
21.59,True,0.006367078752418251,2,Tokyo,False,False,2104,False
23.15,True,0.006789513354664821,3,Sydney,True,False,2250,False
9.29,True,0.002794850735716628,4,New York,True,False,1539,False
12.84,True,0.0038638504292665605,4,Sydney,False,False,1895,False
28.59,True,0.008641247676474588,4,Sydney,False,False,2249,False
7.34,True,0.002204899442767239,4,Tokyo,False,False,1855,True
9.86,True,0.0030443562082018536,0,New York,False,False,2230,False
15.05,False,0.004625929796520563,1,Sydney,True,False,2067,False
7.26,True,0.0022773755599332472,3,Sydney,True,False,1713,False
12.08,True,0.003755413173168692,3,London,True,False,2397,True
3.89,True,0.0012070886201642757,3,London,True,False,1871,False
13.72,True,0.004240024970409447,1,Tokyo,True,False,2241,True
24.86,True,0.007622189585869208,1,London,True,True,2837,True
8.43,False,0.002551298347557654,2,Sydney,True,True,2269,False
10.5,False,0.003158046702999242,2,New York,True,True,2333,False
8.5,False,0.002548824991678836,0,London,False,False,1689,True
17.42,True,0.005279747832939323,3,Tokyo,True,False,2479,True
11.09,False,0.0033584688531540534,4,Tokyo,False,False,2265,False
5.05,True,0.0015238934421282603,0,Sydney,False,False,1628,True
14.2,True,0.004254069826661633,0,Tokyo,True,True,2092,True
13.98,False,0.004126242964283501,3,Tokyo,True,False,2545,False
4.22,False,0.0012556422074309025,4,Tokyo,False,False,1696,False
10.27,False,0.0030834729453021324,0,London,True,True,2376,False
10.6,False,0.0031812247715370416,1,New York,False,False,1879,False
21.93,False,0.006554564583233704,2,New York,False,False,2806,True
13.5,False,0.004017713653083819,3,Tokyo,False,False,2690,True
13.14,False,0.0038690073081249156,4,Sydney,True,False,1454,True
6.15,False,0.0017940804098088064,4,London,False,False,1978,False
8.18,False,0.002402257769894248,0,London,False,False,2169,False
6.62,False,0.0019519559365113064,2,Sydney,False,False,1591,False
5.82,False,0.001718943824206982,2,London,False,False,1723,False
9.56,False,0.0028156652303632386,2,London,False,False,2194,False
9.26,False,0.0027485003457886504,0,London,False,False,2118,True
6.76,False,0.002027095915221811,2,Sydney,True,False,1659,False
5.92,False,0.0017750592186141344,2,London,False,False,1900,False
6.04,False,0.0018051836266258607,3,Tokyo,True,False,1825,False
18.55,True,0.005665090824690635,4,London,False,False,2628,False
8.2,False,0.0024952149688554567,0,Sydney,True,True,1180,True
5.07,False,0.0015375517445298643,0,London,True,True,1604,False
3.94,False,0.0011886158357417385,1,Sydney,True,True,1352,True
7.17,False,0.002153101426992745,1,Tokyo,True,True,1532,True
8.03,False,0.0024050557086378334,1,Tokyo,True,True,1999,True
6.3,False,0.001886577747965191,2,Tokyo,False,False,1663,True
6.12,False,0.0018305102996114652,4,Tokyo,True,False,1598,False
6.82,False,0.0020526650032656035,3,Sydney,False,False,1135,True
7.78,False,0.0023278846470322465,4,Tokyo,False,False,1914,False
6.15,False,0.001841295313828577,4,Tokyo,False,False,1796,True
6.36,False,0.001900833856361517,4,Tokyo,True,True,2044,True
7.0,False,0.0021002226235981012,2,Sydney,False,False,1713,True
5.83,False,0.001750015008705049,3,Tokyo,False,False,1873,False
3.62,False,0.0010874463035837664,3,Tokyo,False,False,1799,False
11.88,False,0.0035673640242748915,3,London,False,False,2856,False
6.46,False,0.0019235063794309877,0,Sydney,True,True,1685,False
9.63,False,0.002831769929720352,1,London,False,False,2395,True
5.15,False,0.0015023074275246058,2,Sydney,False,False,1967,False
4.83,False,0.0014086766314254466,2,Tokyo,False,False,1710,False
6.55,False,0.001959194905495018,0,Sydney,True,True,1204,False
6.77,False,0.002066418411574385,2,New York,False,False,1257,True
6.14,False,0.0018686980896062038,3,Sydney,True,False,1230,True
44.36,True,0.01326071229993842,4,London,True,True,3004,False
3.41,True,0.0010175702451717635,4,New York,False,False,1374,True
3.08,True,0.0009157264118687658,4,New York,True,True,1065,False
6.04,False,0.0017965496728138013,0,Sydney,False,False,1109,False
8.88,False,0.0026407743892465766,0,Tokyo,False,False,1730,False
10.42,False,0.0030936956302291476,0,London,True,True,1827,True
4.6,False,0.0013612206005942022,1,Sydney,True,False,1061,False
4.93,False,0.0014611433669129566,1,Tokyo,False,False,1539,False
8.39,False,0.002486176385176581,1,Tokyo,False,False,1766,False
4.81,False,0.001422050354182188,3,Sydney,True,False,1894,False
7.91,False,0.0023347934401454595,3,Tokyo,True,False,1807,False
10.87,False,0.0031963631444920813,3,New York,True,True,2440,False
9.47,False,0.0028135454237549987,2,London,False,False,2452,False
10.69,False,0.0031689190991850925,3,Sydney,True,False,1951,False
3.54,False,0.0010577015010995315,0,Sydney,False,False,1233,True
5.88,False,0.001753826055054628,0,Sydney,True,True,1253,False
2.16,False,0.000645028354371411,0,London,False,False,1318,False
6.18,False,0.0018512416499415869,2,London,True,False,1979,True
5.97,False,0.0017931912797438468,4,London,False,False,1961,True
32.42,False,0.009626776811404851,4,London,True,True,2832,False
3.41,False,0.0010106907967859442,4,New York,False,False,1503,False
7.48,False,0.002218741842860872,0,London,False,False,2408,False
2.8,False,0.0008270321361058601,1,New York,False,False,1379,True
7.16,False,0.0021173471650909777,2,Tokyo,False,False,1927,False
1.68,False,0.0004944987019409073,2,New York,False,False,880,False
5.96,False,0.001755135095339763,3,Tokyo,False,False,1881,True
5.71,False,0.0016788932829567339,3,Tokyo,True,True,2068,False
8.71,False,0.0025491240495659757,4,London,False,False,2653,True
11.53,False,0.0033624375193201635,4,London,True,True,2707,True
4.05,False,0.001174124045480637,4,London,True,True,2310,False
19.18,False,0.005504029018113364,0,Sydney,True,True,2809,False
9.33,False,0.002676251068492522,0,Tokyo,True,True,2326,False
9.5,False,0.0027310936448888302,0,London,False,False,2299,False
5.84,True,0.0016752917417296813,1,Tokyo,False,False,2298,False
11.34,True,0.0032492836676217764,1,London,False,False,2513,False
7.3,False,0.002061500489959363,2,Tokyo,False,False,2454,False
11.77,False,0.003305028585548854,2,London,True,True,2873,True
9.05,False,0.002546956879035027,3,London,False,False,2303,False
6.02,False,0.001648515651314294,1,Sydney,False,False,1761,False
15.33,False,0.004186534270592669,1,London,True,True,2610,False
11.66,False,0.0032069177010305592,2,New York,True,False,1826,False
10.23,False,0.002798147697340529,2,Tokyo,True,False,2040,False
5.25,False,0.0014393341229109093,2,New York,False,False,1891,False
12.93,False,0.0035415051807865814,0,London,True,True,2597,True
7.14,False,0.0019383264695582297,1,Sydney,True,False,1959,False
9.94,False,0.0026907043473553137,1,Tokyo,True,True,2337,False
4.07,False,0.0011018940665576506,1,New York,False,False,952,False
9.47,False,0.0025738171855974952,2,London,False,False,2155,True
9.71,False,0.0026443715192200332,3,Sydney,True,False,1804,False
6.75,False,0.0018013450042698549,0,New York,True,True,2287,False
6.55,False,0.0017421973497321538,1,Tokyo,True,True,1928,True
16.01,False,0.004240846156087509,1,Tokyo,True,True,2354,True
3.62,False,0.000960645383860096,2,Sydney,False,False,1522,True
8.26,False,0.002205442583732057,3,New York,True,False,1583,False
8.32,False,0.0022189211029531386,4,Sydney,False,False,2218,False
2.95,False,0.0007871452509792622,4,Sydney,False,False,1611,False
6.95,False,0.0018526169880979356,4,London,False,False,2251,True
10.37,True,0.0027379899404612602,0,Sydney,True,True,2517,False
8.4,True,0.002199246496259972,0,Tokyo,False,False,2183,False
3.66,True,0.0009464211832850642,1,Sydney,False,False,1737,False
12.51,False,0.003231272310243469,2,Tokyo,False,False,2252,True
9.29,True,0.0023858502898204577,3,London,True,False,2431,False
15.9,True,0.004057902957420092,0,Sydney,False,False,2277,True
6.89,True,0.0017407297927546227,0,New York,False,False,2199,True
7.84,False,0.001977136833504399,1,Sydney,False,False,1878,False
14.97,False,0.0037612876317204436,1,London,True,True,2452,False
7.98,True,0.001989241146879783,2,Sydney,True,True,2218,True
11.8,True,0.0029218335248207285,3,Sydney,False,False,1993,False
13.76,True,0.0033944046594124424,3,London,True,False,2418,False
11.08,True,0.0027128537360501044,0,London,False,False,2751,True
14.4,True,0.003461904624527594,1,Sydney,True,True,2856,False
19.61,True,0.004731708964911518,1,Tokyo,False,False,3034,False
24.55,True,0.005863694772593736,2,Sydney,True,True,3142,False
11.81,True,0.002789337691722682,3,Tokyo,False,False,2566,True
18.81,True,0.0042973658358273735,4,Sydney,False,False,2650,False
30.41,True,0.0071541326231741205,0,Sydney,False,False,2691,False
7.94,True,0.0018180902267346275,0,New York,True,True,2401,False
22.07,True,0.005080255140679561,1,Tokyo,False,False,2475,False
19.6,True,0.004844542104261467,2,London,False,False,2873,False
28.83,True,0.0070224240150825006,2,New York,False,False,2695,False
21.92,True,0.005332801350716839,3,Tokyo,False,False,2340,True
18.46,True,0.004474142799320396,3,New York,False,False,1766,False
20.86,True,0.005302935935144534,1,London,False,False,2895,True
